epoch,loss,total_power_watt,sample_ids,vk_mag_ut_1,vk_mag_ut_2,vk_mag_ut_3,vk_mag_ut_4,vk_mag_ut_5,vk_mag_ut_6,vk_mag_ut_7,vk_mag_ut_8,vk_mag_ut_9,vk_mag_ut_10,vk_real_ut_1,vk_real_ut_2,vk_real_ut_3,vk_real_ut_4,vk_real_ut_5,vk_real_ut_6,vk_real_ut_7,vk_real_ut_8,vk_real_ut_9,vk_real_ut_10,vk_imag_ut_1,vk_imag_ut_2,vk_imag_ut_3,vk_imag_ut_4,vk_imag_ut_5,vk_imag_ut_6,vk_imag_ut_7,vk_imag_ut_8,vk_imag_ut_9,vk_imag_ut_10,sinr_ut_1,sinr_ut_2,sinr_ut_3,sinr_ut_4,sinr_ut_5,sinr_ut_6,sinr_ut_7,sinr_ut_8,sinr_ut_9,sinr_ut_10,power_ut_1,power_ut_2,power_ut_3,power_ut_4,power_ut_5,power_ut_6,power_ut_7,power_ut_8,power_ut_9,power_ut_10,rate_ut_1,rate_ut_2,rate_ut_3,rate_ut_4,rate_ut_5,rate_ut_6,rate_ut_7,rate_ut_8,rate_ut_9,rate_ut_10,qos_ut_1,qos_ut_2,qos_ut_3,qos_ut_4,qos_ut_5,qos_ut_6,qos_ut_7,qos_ut_8,qos_ut_9,qos_ut_10
1,981.4927978515625,6552.82177734375,1990,0.001939068199135363,0.0013344661565497518,0.0018865143647417426,0.00245355861261487,0.001047150231897831,0.0020575677044689655,0.0023482036776840687,0.0024220847990363836,0.0009075729176402092,0.0005437330692075193,0.0019024453358724713,0.0012744456762447953,0.0018757183570414782,0.0024534829426556826,0.0010457931784912944,0.0020318387541919947,0.002345069544389844,0.0024129855446517467,0.0008468255400657654,0.0005349517450667918,-0.0003750826872419566,0.00039571209345012903,0.00020153656078036875,1.9259316104580648e-05,-5.3293035307433456e-05,-0.0003243709506932646,0.0001212825154652819,0.00020974999642930925,0.0003264584520366043,-9.732568287290633e-05,1.874746323080826e-14,3.205570566137245e-15,1.5902665808005013e-14,4.6445066217461195e-14,5.551105382246889e-15,4.759621787409768e-14,8.047887036692972e-14,3.4552042623521226e-14,8.850780673549377e-16,1.7421396464767125e-16,753.8007202148438,988.8983764648438,796.1542358398438,779.9609375,216.51258850097656,376.4184875488281,377.648681640625,995.658203125,766.2513427734375,501.51824951171875,0.0,0.0,0.0,0.0,0.0,0.0,0.0,0.0,0.0,0.0,0.0,0.0,0.0,0.0,0.0,0.0,0.0,0.0,0.0,0.0
2,744.9127807617188,4799.97998046875,2773,0.002117923693731427,0.0012436970137059689,0.0012124908389523625,0.0018309502629563212,0.0007854521390981972,0.00221525807864964,0.0012931397650390863,0.0014848537975922227,0.001770947128534317,0.0010853762505576015,0.002001469023525715,0.0012221152428537607,0.0011260471073910594,0.001824189443141222,0.0007342778844758868,0.0021095029078423977,0.0012600915506482124,0.0014394205063581467,0.0016745487228035927,0.0009768203599378467,0.0006926198257133365,-0.00023068691371008754,0.00044961305684410036,0.0001571992033859715,-0.0002788745623547584,-0.0006762883858755231,0.000290481693809852,-0.0003644987882580608,-0.0005763162043876946,-0.00047314216499216855,3.8978863810702064e-14,4.862117771521927e-15,4.969607946594392e-15,1.8084166976406468e-14,8.90410033878785e-16,4.2269159906179604e-14,6.164446598034938e-15,9.966065990583799e-15,2.5292552882812125e-14,3.3864131591672224e-15,515.9869384765625,491.8805236816406,434.7288513183594,621.2041625976562,427.2828674316406,569.5088500976562,453.43438720703125,487.5708923339844,388.737548828125,409.6453552246094,0.0,0.0,0.0,0.0,0.0,0.0,0.0,0.0,0.0,0.0,0.0,0.0,0.0,0.0,0.0,0.0,0.0,0.0,0.0,0.0
3,526.2504272460938,3522.31689453125,1744,0.0014048918383195996,0.0009550778777338564,0.0008072647615335882,0.0008858469664119184,0.0005652453401125968,0.00026446999981999397,0.0012772120535373688,0.0005351816071197391,0.0017050871392711997,0.0012879756977781653,0.0014048918383195996,0.0009493068791925907,0.0007876837626099586,0.0008852523751556873,0.0005646283971145749,0.0002544760354794562,0.001262656063772738,0.0004925208631902933,0.001689895405434072,0.0012878583511337638,-2.352377208580947e-07,-0.00010483438381925225,-0.00017672200920060277,3.245126208639704e-05,-2.640229467942845e-05,7.201615517260507e-05,0.00019227682787459344,-0.00020938609668519348,0.00022710239863954484,1.738219361868687e-05,9.444718058581724e-15,2.5121694902406145e-15,1.6420905764365375e-15,1.5817915714709248e-15,3.4112663763890844e-16,1.4455436153701063e-17,7.953487755820322e-15,2.1310724266119596e-16,2.370311080388248e-14,6.578500019575363e-15,412.2962341308594,331.08001708984375,258.5196838378906,389.1457824707031,299.1294250488281,338.2994079589844,334.4422912597656,384.79827880859375,356.4574279785156,418.1484680175781,0.0,0.0,0.0,0.0,0.0,0.0,0.0,0.0,0.0,0.0,0.0,0.0,0.0,0.0,0.0,0.0,0.0,0.0,0.0,0.0
4,343.6051940917969,2692.57861328125,2789,0.0015014475211501122,0.0010045570088550448,0.0007150419987738132,0.0011529667535796762,0.001744908164255321,0.0010034081060439348,0.0009786213049665093,0.0012191099813207984,0.0009715643245726824,0.0005903263227082789,0.0014959978871047497,0.0009726479765959084,0.0006904796464368701,0.0010340994922444224,0.0017243751790374517,0.0009796590311452746,0.0009782894048839808,0.0012052204692736268,0.0009288598084822297,0.0005730507546104491,-0.0001278079580515623,0.00025117871700786054,0.0001858034374890849,0.000509873207192868,0.00026689874357543886,-0.00021701630612369627,2.5486569938948378e-05,-0.00018350125174038112,-0.000284880050458014,0.0001417674357071519,1.56539921812842e-14,3.601615855460807e-15,1.4611175403326832e-15,5.079472355018011e-15,3.557330347176216e-14,3.8372638095187424e-15,3.782828813646971e-15,6.711848839978081e-15,3.970389436739859e-15,5.087638282025135e-16,324.5204772949219,282.63616943359375,178.84129333496094,347.756591796875,260.4911193847656,264.0679016113281,242.3643798828125,328.9698486328125,224.32611083984375,238.60476684570312,0.0,0.0,0.0,0.0,0.0,0.0,0.0,0.0,0.0,0.0,0.0,0.0,0.0,0.0,0.0,0.0,0.0,0.0,0.0,0.0
5,195.61587524414062,1621.282958984375,9831,0.0006989014218561351,0.0005256307194940746,0.0008512090425938368,0.00134689686819911,0.0010617144871503115,0.001153288409113884,0.000642204366158694,0.0009387694299221039,0.00041852594586089253,0.00048393895849585533,0.0006941042956896126,0.0004831434926018119,0.0008488044841215014,0.0013214896898716688,0.0010065186070278287,0.0011280671460554004,0.0006091335671953857,0.0009367394377477467,0.0004091896116733551,0.0004826987278647721,8.174628601409495e-05,0.00020702667825389653,6.393573858076707e-05,0.0002603770699352026,0.00033787277061492205,0.0002398722863290459,0.00020342755306046456,-6.170281994855031e-05,-8.790811261860654e-05,3.462438326096162e-05,1.2742806010141057e-15,3.9091714010264754e-16,6.370723261130357e-15,1.3362882408409198e-14,1.1008281586906855e-14,9.551867726409393e-15,1.2175194409109373e-15,3.5505037698411145e-15,2.7538637242947286e-16,3.9115931211622346e-16,187.16529846191406,195.19334411621094,82.37261962890625,246.18637084960938,115.38204956054688,185.13572692871094,139.65097045898438,218.6615753173828,111.3714599609375,140.1636199951172,0.0,0.0,0.0,0.0,0.0,0.0,0.0,0.0,0.0,0.0,0.0,0.0,0.0,0.0,0.0,0.0,0.0,0.0,0.0,0.0
6,81.99789428710938,1677.9005126953125,8405,0.0010538120986893773,0.0007995782652869821,0.001058967667631805,0.0008300019544549286,0.001009858795441687,0.0007187642622739077,0.00048010790487751365,0.0008098834659904242,0.0008896943763829768,0.00041430018609389663,0.0010455794399604201,0.0007992080645635724,0.0010582376271486282,0.0008091064519248903,0.0010097697377204895,0.0007178460364229977,0.00047939331852830946,0.0008045452414080501,0.0008519333205185831,0.00040716349030844867,-0.00013146744458936155,2.4328257495653816e-05,3.931413812097162e-05,-0.00018506763444747776,1.3415167813946027e-05,3.632010702858679e-05,2.6184690796071663e-05,-9.283402323490009e-05,-0.0002564482856541872,7.656725938431919e-05,6.106875886192431e-15,2.2592882273543167e-15,1.3011414557275499e-14,2.2284646984037327e-15,5.721798191228155e-15,1.9113383158088013e-15,3.0340529588235906e-16,2.1108039869753483e-15,5.014268182254849e-15,1.8322411880541126e-16,201.86474609375,180.84190368652344,96.61241912841797,212.8813018798828,181.69244384765625,139.58383178710938,175.0487823486328,203.7365264892578,124.90579223632812,160.73284912109375,0.0,0.0,0.0,0.0,0.0,0.0,0.0,0.0,0.0,0.0,0.0,0.0,0.0,0.0,0.0,0.0,0.0,0.0,0.0,0.0
7,12.784724235534668,922.1426391601562,3969,0.0006622232613153756,0.0007942924275994301,0.000860882515553385,0.0008108288166113198,0.0008621955057606101,0.0009897430427372456,0.0005037935334257782,0.0008955166558735073,0.0006359426770359278,0.000595151970628649,0.0006586460513062775,0.00073008774779737,0.0008339547784999013,0.0008066791342571378,0.0008570660138502717,0.0009809210896492004,0.0004891958669759333,0.000885194051079452,0.0006203709053806961,0.0005842808750458062,6.873883830849081e-05,-0.00031284551369026303,0.00021363083214964718,-8.192749373847619e-05,9.390894410898909e-05,-0.0001318525173701346,0.00012039662397000939,0.0001355787826469168,-0.00013986791600473225,-0.00011323310900479555,1.906174802962339e-15,3.5261388671133445e-15,7.621250093688137e-15,4.128321694370739e-15,6.6029564018614366e-15,9.378441965623811e-15,6.957686918028841e-16,7.635936797960579e-15,2.073786953114441e-15,1.3897123452417904e-15,100.85137176513672,112.8363265991211,72.04039001464844,104.65740203857422,83.65872192382812,102.27886199951172,92.54911804199219,84.1897201538086,78.8377914428711,90.24297332763672,0.0,0.0,0.0,0.0,0.0,0.0,0.0,0.0,0.0,0.0,0.0,0.0,0.0,0.0,0.0,0.0,0.0,0.0,0.0,0.0
8,0.27169764041900635,668.8660888671875,1736,0.00036660637124441564,0.000997405033558607,0.0004494818567764014,0.0005631120875477791,0.0003254215407650918,0.00026348652318120003,0.0004722482990473509,0.0007352259126491845,0.0004603621200658381,0.00021452120563481003,0.00036638646270148456,0.0009924641344696283,0.0004326463385950774,0.0005046757287345827,0.00032365621882490814,0.0002630939125083387,0.0004323678440414369,0.0006545307696796954,0.00045437130029313266,0.00021446480241138488,-1.269629592570709e-05,9.91548877209425e-05,0.00012186500680400059,0.0002497952082194388,3.385022864677012e-05,1.4378706509887706e-05,-0.00018993814592249691,-0.0003348829923197627,-7.402698247460648e-05,4.919197181152413e-06,2.5162860703642704e-16,1.007674100953794e-14,8.011764363745246e-16,1.3063295748811298e-15,1.7176974519925056e-16,7.89186354133895e-17,8.156998750463837e-16,3.752544844683788e-15,7.814147341986082e-16,4.363738051092049e-17,71.7574234008789,98.17317962646484,50.92689895629883,76.94022369384766,65.26274108886719,61.04934310913086,60.950599670410156,77.83663177490234,57.45707321166992,48.51198196411133,0.0,0.0,0.0,0.0,0.0,0.0,0.0,0.0,0.0,0.0,0.0,0.0,0.0,0.0,0.0,0.0,0.0,0.0,0.0,0.0
9,0.1447051763534546,663.6519775390625,7079,0.0008716455777175725,0.0009199728956446052,0.00029567419551312923,0.0005056618829257786,0.0012783253332599998,0.00044476770563051105,0.000914357602596283,0.0002918698301073164,0.00030985052580945194,0.0006969959940761328,0.0008704274077899754,0.0009116340661421418,0.00029107416048645973,0.00048413622425869107,0.0012354118516668677,0.00044476689072325826,0.0009132064878940582,0.00027987363864667714,0.00029135769000276923,0.0006900033331476152,-4.606680158758536e-05,-0.00012358576350379735,5.1952571084257215e-05,0.00014596602704841644,-0.0003284407430328429,8.530791433258855e-07,4.5867000153521076e-05,8.281750342575833e-05,0.00010544217366259545,-9.848236368270591e-05,6.015129512510582e-15,8.338434584194247e-15,1.93836885769136e-16,1.028463381149672e-15,3.441778451324963e-14,6.852178905932069e-16,1.3002323352652619e-14,8.570411709217019e-17,2.1083851785153452e-16,3.7941680437118645e-15,95.9271469116211,85.87018585205078,39.41341781616211,63.54464340209961,77.554931640625,57.0861930847168,53.736602783203125,84.64119720458984,43.700439453125,62.177215576171875,0.0,0.0,0.0,0.0,0.0,0.0,0.0,0.0,0.0,0.0,0.0,0.0,0.0,0.0,0.0,0.0,0.0,0.0,0.0,0.0
10,0.0,558.198486328125,8212,0.00035900206421501935,0.0006280734669417143,0.0004022218054160476,0.0004201798001304269,0.00026027660351246595,0.0005110395140945911,0.0008959711994975805,0.0003353206848260015,0.0004040492058265954,0.00026408443227410316,0.0003510009846650064,0.0006254721665754914,0.0003966526419389993,0.0004163492703810334,0.000254713260801509,0.0005026448634453118,0.0008956646197475493,0.00033490732312202454,0.00040224866825155914,0.0002394168550381437,7.53710774006322e-05,-5.710381446988322e-05,-6.670125731034204e-05,-5.6606986618135124e-05,-5.352632433641702e-05,-9.224708628607914e-05,-2.3437076379195787e-05,-1.6644589777570218e-05,-3.810212365351617e-05,0.00011144577001687139,2.6251671264756863e-16,2.578183214743115e-15,9.95717934441768e-16,4.3734018367523836e-16,8.669979108677782e-17,9.768301585091812e-16,9.217928375086174e-15,2.0531074113308356e-16,7.167237045828043e-16,1.0619633886297918e-16,63.24958801269531,60.332977294921875,26.27561378479004,71.24395751953125,52.91141128540039,69.79521179199219,69.8826904296875,61.55400848388672,37.17166519165039,45.781333923339844,0.0,0.0,0.0,0.0,0.0,0.0,0.0,0.0,0.0,0.0,0.0,0.0,0.0,0.0,0.0,0.0,0.0,0.0,0.0,0.0
11,0.0,657.0703125,1436,0.0009055542177520692,0.0007175429491326213,0.0002856363425962627,0.00043043552432209253,0.0006552430568262935,0.00033368938602507114,0.00038830708945170045,0.0006316214567050338,0.0007163447444327176,0.0004770871892105788,0.0009054056135937572,0.000701680313795805,0.0002846028655767441,0.00042397005017846823,0.0006311673787422478,0.00030239400803111494,0.00038665859028697014,0.0006244573160074651,0.0007161168032325804,0.0004644710570573807,1.6403822883148678e-05,0.00015004203305579722,-2.427595063636545e-05,-7.432446000166237e-05,-0.00017598643898963928,0.00014109032053966075,-3.574257789296098e-05,9.486160706728697e-05,1.806902582757175e-05,-0.0001089900397346355,7.186983077894435e-15,3.3534563777389784e-15,1.724317146824196e-16,4.090984376176651e-16,2.811130616006967e-15,2.2128501489469121e-16,2.9034899768448327e-16,2.433532433725183e-15,5.438989136732995e-15,1.0685570504332439e-15,93.52719116210938,79.01792907714844,38.588993072509766,83.87477111816406,65.54740142822266,56.00727081298828,78.27223205566406,65.37580871582031,48.39459228515625,48.464088439941406,0.0,0.0,0.0,0.0,0.0,0.0,0.0,0.0,0.0,0.0,0.0,0.0,0.0,0.0,0.0,0.0,0.0,0.0,0.0,0.0
12,0.0,489.2891845703125,9384,0.00016494639567099512,0.0007662923308089375,0.0004409434914123267,0.0004613522032741457,0.00047899014316499233,0.0004127641150262207,0.0005243385094217956,0.0005797116900794208,0.0005165754118934274,0.0007055533933453262,0.0001643749128561467,0.0007660813280381262,0.0004159525560680777,0.0004599785024765879,0.0004770138184539974,0.00040797682595439255,0.0005073545617051423,0.0005762600339949131,0.0005152860539965332,0.0006853678496554494,-1.3718649825023022e-05,1.7982149074668996e-05,0.00014633742102887481,-3.557573290891014e-05,4.346708010416478e-05,-6.268274592002854e-05,0.00013237148232292384,-6.31663715466857e-05,3.6475335946306586e-05,-0.0001675605308264494,1.1841483379487554e-17,5.2808383446017234e-15,1.4692946905263578e-15,7.962599395113055e-16,1.300312676340309e-15,4.561944223970698e-16,2.1354458694768704e-15,1.8250929976028948e-15,2.213571953366871e-15,5.446964798964341e-15,62.48732376098633,65.26822662353516,25.71873664855957,56.87249755859375,40.46554183959961,63.6040153503418,35.382225036621094,61.85716247558594,32.15644454956055,45.476993560791016,0.0,0.0,0.0,0.0,0.0,0.0,0.0,0.0,0.0,0.0,0.0,0.0,0.0,0.0,0.0,0.0,0.0,0.0,0.0,0.0
13,0.0,619.5897216796875,2538,0.0003254873736295849,0.0005003346595913172,0.0003651105216704309,0.0004159689415246248,0.000717458373401314,0.0005789100541733205,0.0004136261122766882,0.0004122039536014199,0.0004999552620574832,0.00033668093965388834,0.00032544173882342875,0.0004948353744111955,0.0003457913699094206,0.00041585275903344154,0.0007170758326537907,0.000538808642886579,0.00040392347727902234,0.00041117044747807086,0.0004919720813632011,0.00033663897193036973,-5.4502347666129936e-06,7.397768786177039e-05,-0.00011719221220118925,-9.831218449107837e-06,2.3426400730386376e-05,-0.00021171224943827838,-8.90639639692381e-05,-2.9171129426686093e-05,-8.898739906726405e-05,-5.314944701240165e-06,1.3210254376973144e-16,7.919882994187428e-16,4.631165874002688e-16,5.70908412081075e-16,4.7591829396397955e-15,1.926957179839697e-15,5.534115171874389e-16,3.8386847602273207e-16,1.0114024435260759e-15,2.1029440506204204e-16,84.92825317382812,79.09523010253906,38.356040954589844,52.42083740234375,55.65206527709961,58.263824462890625,52.87012481689453,75.17835235595703,61.74862289428711,61.07634735107422,0.0,0.0,0.0,0.0,0.0,0.0,0.0,0.0,0.0,0.0,0.0,0.0,0.0,0.0,0.0,0.0,0.0,0.0,0.0,0.0
14,0.0,702.8277587890625,5384,0.0006547342054545879,0.0005238308804109693,0.00034493699786253273,0.0007496048347093165,0.0005033101188018918,0.0005327228573150933,0.00035361823393031955,0.0003708384174387902,0.0006418911507353187,0.0004247556789778173,0.0006492141983471811,0.0005174585967324674,0.0003390148631297052,0.0007185778231360018,0.00048180585145018995,0.0004745530313812196,0.0003491761744953692,0.0003706422576215118,0.0006023538298904896,0.0004189636674709618,8.483997225994244e-05,-8.145776519086212e-05,-6.364315777318552e-05,0.00021343230037018657,-0.00014554790686815977,0.00024205997760873288,-5.587348641711287e-05,-1.2059937034791801e-05,-0.00022179742518346757,-6.990579277044162e-05,2.1158141868583575e-15,8.637310371391164e-16,3.1433194149260073e-16,3.5885457135681996e-15,9.81718173889549e-16,1.1849327070015251e-15,2.2782639888342996e-16,2.267411114499808e-16,2.7962031426192677e-15,6.514015824817367e-16,86.81793212890625,87.13900756835938,45.019161224365234,87.95040130615234,65.34050750732422,67.9419937133789,68.6058578491211,83.37490844726562,60.68810272216797,49.94989776611328,0.0,0.0,0.0,0.0,0.0,0.0,0.0,0.0,0.0,0.0,0.0,0.0,0.0,0.0,0.0,0.0,0.0,0.0,0.0,0.0
15,0.0,570.564208984375,7784,0.0004521271912381053,0.0008408634457737207,0.00042283086804673076,0.0004652103525586426,0.000527835451066494,0.0006544713978655636,0.00025068983086384833,0.00028399116126820445,0.0004190398321952671,0.0003815616946667433,0.0004513378662522882,0.0008285360527224839,0.0004118278156965971,0.0004395549767650664,0.00052783073624596,0.0006466624909080565,0.00025066675152629614,0.0002800310612656176,0.00041888977284543216,0.00038131579640321434,2.6704217816586606e-05,-0.00014345494855660945,9.583207429386675e-05,0.00015235511818900704,2.22702874452807e-06,0.0001007991231745109,-3.4022186810034327e-06,-4.726084807771258e-05,-1.1212900972168427e-05,1.3696108908334281e-05,4.713570003671915e-16,7.0589913173666266e-15,9.520558212305322e-16,8.14978202975323e-16,1.5561083678398719e-15,3.4050993412583627e-15,8.988986936737023e-17,8.10150684276235e-17,6.70986519469473e-16,4.57498482558927e-16,88.61744689941406,70.79228973388672,33.560699462890625,57.44844055175781,49.863304138183594,53.85917282104492,43.92005920410156,80.25651550292969,45.93398666381836,46.31227493286133,0.0,0.0,0.0,0.0,0.0,0.0,0.0,0.0,0.0,0.0,0.0,0.0,0.0,0.0,0.0,0.0,0.0,0.0,0.0,0.0
16,0.0,563.3228759765625,7808,0.0007355682319030166,0.0003702508984133601,0.00021897674014326185,0.00039520120481029153,0.0004324539622757584,0.00042591584497131407,0.0005854011978954077,0.0003967346274293959,0.0007039099000394344,0.0005597139825113118,0.00073147943476215,0.00035857694456353784,0.00021897662372794002,0.0003951599064748734,0.0004310763324610889,0.0004246164462529123,0.0005826340056955814,0.00039662065682932734,0.0006809672340750694,0.0005548131885007024,7.744978211121634e-05,9.224048699252307e-05,2.2821423328878154e-07,-5.713649898098083e-06,3.449111682130024e-05,-3.324439603602514e-05,-5.6852226407499984e-05,-9.508699804428034e-06,0.00017824929091148078,7.390598329948261e-05,4.178132313866975e-15,2.6213200087083757e-16,6.207616611573599e-17,3.5476664741656086e-16,7.566749135125598e-16,5.685747833718302e-16,2.3474550398010696e-15,3.7959564479008736e-16,5.092001242857323e-15,2.028438714942577e-15,70.0384521484375,71.66236877441406,37.024898529052734,68.73170471191406,46.2037239074707,57.854122161865234,50.00851058959961,65.23880004882812,48.19550704956055,48.36481857299805,0.0,0.0,0.0,0.0,0.0,0.0,0.0,0.0,0.0,0.0,0.0,0.0,0.0,0.0,0.0,0.0,0.0,0.0,0.0,0.0
17,0.0,414.13140869140625,7132,0.0005186337511986494,0.00044783230987377465,0.0003619101189542562,0.0005897758528590202,0.00029867011471651495,0.0007498195627704263,0.000300735846394673,0.00012827599130105227,0.0003603055374696851,0.0004072139854542911,0.0005180436419323087,0.00041412090649828315,0.0003608220722526312,0.0005794424214400351,0.00029464089311659336,0.0007412773557007313,0.00029572591301985085,0.00012747592700179666,0.00035265946644358337,0.0003985406074207276,-2.4733633836149238e-05,-0.0001704630849417299,2.8042211852152832e-05,-0.00010991838644258678,4.8893642087932676e-05,0.00011285945947747678,5.4664662457071245e-05,1.430441170668928e-05,7.383346382994205e-05,-8.359799539903179e-05,1.3307836278265983e-15,7.012838821411345e-16,6.289677560550289e-16,2.380270366727122e-15,2.0836655807409126e-16,6.812738087292594e-15,2.0469718487680603e-16,7.284642992245206e-18,4.94672852789787e-16,9.586498668457885e-16,54.34535598754883,57.3316764831543,27.264732360839844,50.809906005859375,38.17384338378906,46.38014602661133,39.944366455078125,37.15351104736328,34.055904388427734,28.67197608947754,0.0,0.0,0.0,0.0,0.0,0.0,0.0,0.0,0.0,0.0,0.0,0.0,0.0,0.0,0.0,0.0,0.0,0.0,0.0,0.0
18,0.0,499.16143798828125,2058,0.0005119829438626766,0.0003528133383952081,0.00021236141037661582,0.0003853904199786484,0.0012643382651731372,0.00047249317867681384,0.00026382083888165653,0.000418354116845876,0.0004618800594471395,0.00022181437816470861,0.0004815824795514345,0.0003524813801050186,0.00021088740322738886,0.0003784038999583572,0.001242511672899127,0.0004702887963503599,0.000260936445556581,0.00041450076969340444,0.0004599675885401666,0.0002216141001554206,-0.00017379542987328023,-1.5301009625545703e-05,2.497748391760979e-05,-7.304971222765744e-05,-0.00023391448485199362,4.558775253826752e-05,-3.890509469783865e-05,5.6650431361049414e-05,-4.198825263301842e-05,9.423999472346622e-06,1.2164012515414433e-15,2.0816194667777014e-16,8.87242064481605e-17,3.972934453109003e-16,7.372037415199692e-14,9.002648387036153e-16,1.0420976866898203e-16,3.9389978133794635e-16,1.0783587039406338e-15,7.224273862215983e-17,56.464027404785156,74.40557098388672,22.91326904296875,55.50331497192383,34.649131774902344,55.33993148803711,46.468074798583984,77.73509216308594,42.18716049194336,33.49587631225586,0.0,0.0,0.0,0.0,0.0,0.0,0.0,0.0,0.0,0.0,0.0,0.0,0.0,0.0,0.0,0.0,0.0,0.0,0.0,0.0
19,0.0,631.10400390625,7575,0.0005246782093308866,0.0005336602334864438,0.0005980084533803165,0.0007306582410819829,0.00041366281220689416,0.0005525516462512314,0.00037709096795879304,0.0003859905118588358,0.00040702143451198936,0.00035791832488030195,0.0004888940020464361,0.0005140514695085585,0.0005979927373118699,0.0006868176278658211,0.0004122852405998856,0.0005486809532158077,0.00036505734897218645,0.000385913357604295,0.00036415416980162263,0.0003573060384951532,-0.00019044647342525423,0.0001433329307474196,4.333362994657364e-06,-0.0002492850471753627,-3.373130311956629e-05,-6.528802623506635e-05,9.450256038689986e-05,-7.716932486800943e-06,-0.00018181910854764283,-2.0926474462612532e-05,8.899414129007167e-16,8.626060715060443e-16,2.9920407599144877e-15,4.644498066713352e-15,5.51610407504221e-16,1.6025837951062945e-15,3.3734675311178613e-16,3.206571864960018e-16,4.825904042532372e-16,3.2315664837445125e-16,85.12112426757812,93.98825073242188,42.72563171386719,61.340187072753906,53.061588287353516,58.143001556396484,59.914894104003906,69.19780731201172,56.84825134277344,50.76324462890625,0.0,0.0,0.0,0.0,0.0,0.0,0.0,0.0,0.0,0.0,0.0,0.0,0.0,0.0,0.0,0.0,0.0,0.0,0.0,0.0
20,0.0,611.8714599609375,6520,0.0004622173437383026,0.0009572833660058677,0.00023879125365056098,0.0004526114498730749,0.00048424917622469366,0.00015766201249789447,0.000514875864610076,0.0008566078613512218,0.0003190598217770457,0.00039323579403571784,0.0004517418856266886,0.0009312487090937793,0.00023807806428521872,0.0004415194853208959,0.00046896791900508106,0.0001489076967118308,0.0005147363990545273,0.0008554750820621848,0.0002931266790255904,0.00039322907105088234,-9.784752182895318e-05,-0.0002217369037680328,1.844175494625233e-05,-9.958753798855469e-05,-0.00012069121294189245,-5.180546941119246e-05,-1.1983091098954901e-05,4.403865023050457e-05,-0.0001259996643057093,2.299721018061973e-06,7.832425783592238e-16,1.0587181698278221e-14,1.0234486681692407e-16,6.658306299195361e-16,1.1862362907073495e-15,5.333725523420008e-18,1.0377559678557621e-15,8.01347801727666e-15,2.4302420813020144e-16,5.982610117720476e-16,58.25261306762695,79.28816986083984,31.756624221801758,63.003562927246094,46.33733367919922,115.79886627197266,67.69265747070312,67.16360473632812,42.625125885009766,39.95289611816406,0.0,0.0,0.0,0.0,0.0,0.0,0.0,0.0,0.0,0.0,0.0,0.0,0.0,0.0,0.0,0.0,0.0,0.0,0.0,0.0
